<?xml version="1.0" encoding="UTF-8"?>
<GenRun Id="audio_proc_sys_reset_0_1_synth_1" LaunchPart="xc7a35tcpg236-1" LaunchTime="1715288049">
  <File Type="PA-TCL" Name="audio_proc_sys_reset_0_1.tcl"/>
  <File Type="REPORTS-TCL" Name="audio_proc_sys_reset_0_1_reports.tcl"/>
  <File Type="RDS-RDS" Name="audio_proc_sys_reset_0_1.vds"/>
  <File Type="RDS-DCP" Name="audio_proc_sys_reset_0_1.dcp"/>
  <FileSet Name="sources" Type="BlockSrcs" RelSrcDir="$PSRCDIR/audio_proc_sys_reset_0_1">
    <File Path="$PSRCDIR/sources_1/bd/audio/ip/audio_proc_sys_reset_0_1/audio_proc_sys_reset_0_1.xci">
      <FileInfo>
        <Attr Name="Library" Val="xil_defaultlib"/>
        <Attr Name="ImportPath" Val="$PPRDIR/../../../../B7_LAB3.srcs/sources_1/bd/audio/ip/audio_proc_sys_reset_0_1/audio_proc_sys_reset_0_1.xci"/>
        <Attr Name="ImportTime" Val="1715206683"/>
        <Attr Name="UsedIn" Val="synthesis"/>
        <Attr Name="UsedIn" Val="implementation"/>
        <Attr Name="UsedIn" Val="simulation"/>
      </FileInfo>
    </File>
    <Config>
      <Option Name="TopModule" Val="audio_proc_sys_reset_0_1"/>
      <Option Name="UseBlackboxStub" Val="1"/>
    </Config>
  </FileSet>
  <FileSet Name="constrs_in" Type="BlockSrcs" RelSrcDir="$PSRCDIR/audio_proc_sys_reset_0_1">
    <File Path="$PSRCDIR/sources_1/bd/audio/ip/audio_proc_sys_reset_0_1/audio_proc_sys_reset_0_1.xci">
      <FileInfo>
        <Attr Name="Library" Val="xil_defaultlib"/>
        <Attr Name="ImportPath" Val="$PPRDIR/../../../../B7_LAB3.srcs/sources_1/bd/audio/ip/audio_proc_sys_reset_0_1/audio_proc_sys_reset_0_1.xci"/>
        <Attr Name="ImportTime" Val="1715206683"/>
        <Attr Name="UsedIn" Val="synthesis"/>
        <Attr Name="UsedIn" Val="implementation"/>
        <Attr Name="UsedIn" Val="simulation"/>
      </FileInfo>
    </File>
    <Config>
      <Option Name="TopModule" Val="audio_proc_sys_reset_0_1"/>
      <Option Name="UseBlackboxStub" Val="1"/>
    </Config>
  </FileSet>
  <FileSet Name="utils" Type="Utils" RelSrcDir="$PSRCDIR/utils_1">
    <Filter Type="Utils"/>
    <Config>
      <Option Name="TopAutoSet" Val="TRUE"/>
    </Config>
  </FileSet>
  <Strategy Version="1" Minor="2">
    <StratHandle Name="Vivado Synthesis Defaults" Flow="Vivado Synthesis 2020"/>
    <Step Id="synth_design"/>
  </Strategy>
</GenRun>
