<?xml version="1.0" encoding="UTF-8"?>
<GenRun Id="synth_1" LaunchPart="xc7a35tcpg236-1" LaunchTime="1714513055">
  <File Type="PA-TCL" Name="lab2_wrapper.tcl"/>
  <File Type="REPORTS-TCL" Name="lab2_wrapper_reports.tcl"/>
  <File Type="RDS-RDS" Name="lab2_wrapper.vds"/>
  <File Type="RDS-UTIL" Name="lab2_wrapper_utilization_synth.rpt"/>
  <File Type="RDS-UTIL-PB" Name="lab2_wrapper_utilization_synth.pb"/>
  <File Type="RDS-DCP" Name="lab2_wrapper.dcp"/>
  <FileSet Name="sources" Type="DesignSrcs" RelSrcDir="$PSRCDIR/sources_1" RelGenDir="$PGENDIR/sources_1">
    <Filter Type="Srcs"/>
    <File Path="$PSRCDIR/sources_1/new/digilent_jstk2.vhd">
      <FileInfo>
        <Attr Name="ImportPath" Val="$PPRDIR/../../../../B7-LAB2.srcs/sources_1/new/digilent_jstk2.vhd"/>
        <Attr Name="ImportTime" Val="1714512085"/>
        <Attr Name="UsedIn" Val="synthesis"/>
        <Attr Name="UsedIn" Val="simulation"/>
      </FileInfo>
    </File>
    <File Path="$PSRCDIR/sources_1/new/jstk_uart_bridge.vhd">
      <FileInfo>
        <Attr Name="ImportPath" Val="$PPRDIR/../../../../B7-LAB2.srcs/sources_1/new/jstk_uart_bridge.vhd"/>
        <Attr Name="ImportTime" Val="1714512074"/>
        <Attr Name="UsedIn" Val="synthesis"/>
        <Attr Name="UsedIn" Val="simulation"/>
      </FileInfo>
    </File>
    <File Path="$PSRCDIR/sources_1/bd/lab2/lab2.bd">
      <FileInfo>
        <Attr Name="ImportPath" Val="$PPRDIR/../../../../B7-LAB2.srcs/sources_1/bd/lab2/lab2.bd"/>
        <Attr Name="ImportTime" Val="1714513647"/>
        <Attr Name="UsedIn" Val="synthesis"/>
        <Attr Name="UsedIn" Val="implementation"/>
        <Attr Name="UsedIn" Val="simulation"/>
      </FileInfo>
    </File>
    <File Path="$PSRCDIR/sources_1/imports/lab2_wrapper.vhd">
      <FileInfo>
        <Attr Name="ImportPath" Val="$PPRDIR/../../../../B7-LAB2.gen/sources_1/bd/lab2/hdl/lab2_wrapper.vhd"/>
        <Attr Name="ImportTime" Val="1714513051"/>
        <Attr Name="UsedIn" Val="synthesis"/>
        <Attr Name="UsedIn" Val="simulation"/>
      </FileInfo>
    </File>
    <Config>
      <Option Name="DesignMode" Val="RTL"/>
      <Option Name="TopModule" Val="lab2_wrapper"/>
      <Option Name="TopAutoSet" Val="TRUE"/>
    </Config>
  </FileSet>
  <FileSet Name="constrs_in" Type="Constrs" RelSrcDir="$PSRCDIR/constrs_1">
    <Filter Type="Constrs"/>
    <File Path="$PSRCDIR/constrs_1/imports/Downloads/io.xdc">
      <FileInfo>
        <Attr Name="ImportPath" Val="$PPRDIR/../../../../../../../Downloads/io.xdc"/>
        <Attr Name="ImportTime" Val="1712495450"/>
        <Attr Name="UsedIn" Val="synthesis"/>
        <Attr Name="UsedIn" Val="implementation"/>
      </FileInfo>
    </File>
    <Config>
      <Option Name="ConstrsType" Val="XDC"/>
    </Config>
  </FileSet>
  <FileSet Name="utils" Type="Utils" RelSrcDir="$PSRCDIR/utils_1">
    <Filter Type="Utils"/>
    <Config>
      <Option Name="TopAutoSet" Val="TRUE"/>
    </Config>
  </FileSet>
  <Strategy Version="1" Minor="2">
    <StratHandle Name="Vivado Synthesis Defaults" Flow="Vivado Synthesis 2020"/>
    <Step Id="synth_design"/>
  </Strategy>
  <BlockFileSet Type="BlockSrcs" Name="lab2_proc_sys_reset_0_0"/>
  <BlockFileSet Type="BlockSrcs" Name="lab2_axi4stream_spi_master_0_0"/>
  <BlockFileSet Type="BlockSrcs" Name="lab2_clk_wiz_0_0"/>
  <BlockFileSet Type="BlockSrcs" Name="lab2_AXI4Stream_UART_0_2"/>
  <BlockFileSet Type="BlockSrcs" Name="lab2_digilent_jstk2_0_0"/>
  <BlockFileSet Type="BlockSrcs" Name="lab2_jstk_uart_bridge_0_0"/>
</GenRun>
