<?xml version="1.0" encoding="UTF-8"?>
<GenRun Id="impl_1" LaunchPart="xc7a35tcpg236-1" LaunchTime="1714513056">
  <File Type="ROUTE-PWR" Name="lab2_wrapper_power_routed.rpt"/>
  <File Type="PA-TCL" Name="lab2_wrapper.tcl"/>
  <File Type="ROUTE-PWR-SUM" Name="lab2_wrapper_power_summary_routed.pb"/>
  <File Type="REPORTS-TCL" Name="lab2_wrapper_reports.tcl"/>
  <File Type="BITSTR-MSK" Name="lab2_wrapper.msk"/>
  <File Type="ROUTE-CLK" Name="lab2_wrapper_clock_utilization_routed.rpt"/>
  <File Type="RDI-RDI" Name="lab2_wrapper.vdi"/>
  <File Type="BG-BIT" Name="lab2_wrapper.bit"/>
  <File Type="BG-DRC" Name="lab2_wrapper.drc"/>
  <File Type="BG-BGN" Name="lab2_wrapper.bgn"/>
  <File Type="BG-BIN" Name="lab2_wrapper.bin"/>
  <File Type="BITSTR-RBT" Name="lab2_wrapper.rbt"/>
  <File Type="BITSTR-NKY" Name="lab2_wrapper.nky"/>
  <File Type="BITSTR-BMM" Name="lab2_wrapper_bd.bmm"/>
  <File Type="ROUTE-METHODOLOGY-DRC" Name="lab2_wrapper_methodology_drc_routed.rpt"/>
  <File Type="BITSTR-MMI" Name="lab2_wrapper.mmi"/>
  <File Type="BITSTR-SYSDEF" Name="lab2_wrapper.sysdef"/>
  <File Type="BITSTR-LTX" Name="debug_nets.ltx"/>
  <File Type="BITSTR-LTX" Name="lab2_wrapper.ltx"/>
  <File Type="WBT-USG" Name="usage_statistics_webtalk.html"/>
  <File Type="OPT-DRC" Name="lab2_wrapper_drc_opted.rpt"/>
  <File Type="OPT-HWDEF" Name="lab2_wrapper.hwdef"/>
  <File Type="PLACE-IO" Name="lab2_wrapper_io_placed.rpt"/>
  <File Type="PLACE-UTIL" Name="lab2_wrapper_utilization_placed.rpt"/>
  <File Type="PLACE-UTIL-PB" Name="lab2_wrapper_utilization_placed.pb"/>
  <File Type="PLACE-CTRL" Name="lab2_wrapper_control_sets_placed.rpt"/>
  <File Type="PLACE-PRE-SIMILARITY" Name="lab2_wrapper_incremental_reuse_pre_placed.rpt"/>
  <File Type="ROUTE-DRC" Name="lab2_wrapper_drc_routed.rpt"/>
  <File Type="ROUTE-DRC-PB" Name="lab2_wrapper_drc_routed.pb"/>
  <File Type="ROUTE-PWR-RPX" Name="lab2_wrapper_power_routed.rpx"/>
  <File Type="ROUTE-STATUS" Name="lab2_wrapper_route_status.rpt"/>
  <File Type="ROUTE-STATUS-PB" Name="lab2_wrapper_route_status.pb"/>
  <File Type="ROUTE-DCP" Name="lab2_wrapper_routed.dcp"/>
  <File Type="ROUTE-ERROR-DCP" Name="lab2_wrapper_routed_error.dcp"/>
  <File Type="ROUTE-BLACKBOX-DCP" Name="lab2_wrapper_routed_bb.dcp"/>
  <File Type="ROUTE-TIMINGSUMMARY" Name="lab2_wrapper_timing_summary_routed.rpt"/>
  <File Type="ROUTE-TIMING-PB" Name="lab2_wrapper_timing_summary_routed.pb"/>
  <File Type="ROUTE-TIMING-RPX" Name="lab2_wrapper_timing_summary_routed.rpx"/>
  <File Type="ROUTE-BUS-SKEW" Name="lab2_wrapper_bus_skew_routed.rpt"/>
  <File Type="ROUTE-BUS-SKEW-PB" Name="lab2_wrapper_bus_skew_routed.pb"/>
  <File Type="ROUTE-BUS-SKEW-RPX" Name="lab2_wrapper_bus_skew_routed.rpx"/>
  <File Type="OPT-DCP" Name="lab2_wrapper_opt.dcp"/>
  <File Type="PLACE-DCP" Name="lab2_wrapper_placed.dcp"/>
  <File Type="PWROPT-DCP" Name="lab2_wrapper_pwropt.dcp"/>
  <File Type="POSTPLACE-PWROPT-DCP" Name="lab2_wrapper_postplace_pwropt.dcp"/>
  <File Type="PHYSOPT-DCP" Name="lab2_wrapper_physopt.dcp"/>
  <File Type="POSTROUTE-PHYSOPT-DCP" Name="lab2_wrapper_postroute_physopt.dcp"/>
  <File Type="POSTROUTE-PHYSOPT-BLACKBOX-DCP" Name="lab2_wrapper_postroute_physopt_bb.dcp"/>
  <File Type="ROUTE-METHODOLOGY-DRC-PB" Name="lab2_wrapper_methodology_drc_routed.pb"/>
  <File Type="ROUTE-DRC-RPX" Name="lab2_wrapper_drc_routed.rpx"/>
  <File Type="ROUTE-METHODOLOGY-DRC-RPX" Name="lab2_wrapper_methodology_drc_routed.rpx"/>
  <File Type="PDI-FILE" Name="lab2_wrapper.pdi"/>
  <File Type="RCFI_FILE" Name="lab2_wrapper.rcfi"/>
  <File Type="CFI_FILE" Name="lab2_wrapper.cfi"/>
  <File Type="RNPI_FILE" Name="lab2_wrapper.rnpi"/>
  <File Type="NPI_FILE" Name="lab2_wrapper.npi"/>
  <File Type="RBD_FILE" Name="lab2_wrapper.rbd"/>
  <FileSet Name="sources" Type="DesignSrcs" RelSrcDir="$PSRCDIR/sources_1" RelGenDir="$PGENDIR/sources_1">
    <Filter Type="Srcs"/>
    <File Path="$PSRCDIR/sources_1/new/digilent_jstk2.vhd">
      <FileInfo>
        <Attr Name="ImportPath" Val="$PPRDIR/../../../../B7-LAB2.srcs/sources_1/new/digilent_jstk2.vhd"/>
        <Attr Name="ImportTime" Val="1714512085"/>
        <Attr Name="UsedIn" Val="synthesis"/>
        <Attr Name="UsedIn" Val="simulation"/>
      </FileInfo>
    </File>
    <File Path="$PSRCDIR/sources_1/new/jstk_uart_bridge.vhd">
      <FileInfo>
        <Attr Name="ImportPath" Val="$PPRDIR/../../../../B7-LAB2.srcs/sources_1/new/jstk_uart_bridge.vhd"/>
        <Attr Name="ImportTime" Val="1714512074"/>
        <Attr Name="UsedIn" Val="synthesis"/>
        <Attr Name="UsedIn" Val="simulation"/>
      </FileInfo>
    </File>
    <File Path="$PSRCDIR/sources_1/bd/lab2/lab2.bd">
      <FileInfo>
        <Attr Name="ImportPath" Val="$PPRDIR/../../../../B7-LAB2.srcs/sources_1/bd/lab2/lab2.bd"/>
        <Attr Name="ImportTime" Val="1714513647"/>
        <Attr Name="UsedIn" Val="synthesis"/>
        <Attr Name="UsedIn" Val="implementation"/>
        <Attr Name="UsedIn" Val="simulation"/>
      </FileInfo>
    </File>
    <File Path="$PSRCDIR/sources_1/imports/lab2_wrapper.vhd">
      <FileInfo>
        <Attr Name="ImportPath" Val="$PPRDIR/../../../../B7-LAB2.gen/sources_1/bd/lab2/hdl/lab2_wrapper.vhd"/>
        <Attr Name="ImportTime" Val="1714513051"/>
        <Attr Name="UsedIn" Val="synthesis"/>
        <Attr Name="UsedIn" Val="simulation"/>
      </FileInfo>
    </File>
    <Config>
      <Option Name="DesignMode" Val="RTL"/>
      <Option Name="TopModule" Val="lab2_wrapper"/>
      <Option Name="TopAutoSet" Val="TRUE"/>
    </Config>
  </FileSet>
  <FileSet Name="constrs_in" Type="Constrs" RelSrcDir="$PSRCDIR/constrs_1">
    <Filter Type="Constrs"/>
    <File Path="$PSRCDIR/constrs_1/imports/Downloads/io.xdc">
      <FileInfo>
        <Attr Name="ImportPath" Val="$PPRDIR/../../../../../../../Downloads/io.xdc"/>
        <Attr Name="ImportTime" Val="1712495450"/>
        <Attr Name="UsedIn" Val="synthesis"/>
        <Attr Name="UsedIn" Val="implementation"/>
      </FileInfo>
    </File>
    <Config>
      <Option Name="ConstrsType" Val="XDC"/>
    </Config>
  </FileSet>
  <FileSet Name="utils" Type="Utils" RelSrcDir="$PSRCDIR/utils_1">
    <Filter Type="Utils"/>
    <Config>
      <Option Name="TopAutoSet" Val="TRUE"/>
    </Config>
  </FileSet>
  <Strategy Version="1" Minor="2">
    <StratHandle Name="Vivado Implementation Defaults" Flow="Vivado Implementation 2020"/>
    <Step Id="init_design"/>
    <Step Id="opt_design"/>
    <Step Id="power_opt_design"/>
    <Step Id="place_design"/>
    <Step Id="post_place_power_opt_design"/>
    <Step Id="phys_opt_design"/>
    <Step Id="route_design"/>
    <Step Id="post_route_phys_opt_design"/>
    <Step Id="write_bitstream"/>
    <Step Id="write_device_image"/>
  </Strategy>
  <BlockFileSet Type="BlockSrcs" Name="lab2_proc_sys_reset_0_0"/>
  <BlockFileSet Type="BlockSrcs" Name="lab2_axi4stream_spi_master_0_0"/>
  <BlockFileSet Type="BlockSrcs" Name="lab2_clk_wiz_0_0"/>
  <BlockFileSet Type="BlockSrcs" Name="lab2_AXI4Stream_UART_0_2"/>
  <BlockFileSet Type="BlockSrcs" Name="lab2_digilent_jstk2_0_0"/>
  <BlockFileSet Type="BlockSrcs" Name="lab2_jstk_uart_bridge_0_0"/>
</GenRun>
