<?xml version="1.0" encoding="UTF-8"?>
<GenRun Id="synth_1" LaunchPart="xc7a35tcpg236-1" LaunchTime="1716387267">
  <File Type="PA-TCL" Name="audio_wrapper.tcl"/>
  <File Type="REPORTS-TCL" Name="audio_wrapper_reports.tcl"/>
  <File Type="RDS-RDS" Name="audio_wrapper.vds"/>
  <File Type="RDS-UTIL" Name="audio_wrapper_utilization_synth.rpt"/>
  <File Type="RDS-UTIL-PB" Name="audio_wrapper_utilization_synth.pb"/>
  <File Type="RDS-DCP" Name="audio_wrapper.dcp"/>
  <FileSet Name="sources" Type="DesignSrcs" RelSrcDir="$PSRCDIR/sources_1" RelGenDir="$PGENDIR/sources_1">
    <Filter Type="Srcs"/>
    <File Path="$PSRCDIR/sources_1/new/mute_controller.vhd">
      <FileInfo>
        <Attr Name="ImportPath" Val="$PPRDIR/../../../../B7_LAB3.srcs/sources_1/new/mute_controller.vhd"/>
        <Attr Name="ImportTime" Val="1716380394"/>
        <Attr Name="UsedIn" Val="synthesis"/>
        <Attr Name="UsedIn" Val="simulation"/>
      </FileInfo>
    </File>
    <File Path="$PSRCDIR/sources_1/new/led_controller.vhd">
      <FileInfo>
        <Attr Name="ImportPath" Val="$PPRDIR/../../../../B7_LAB3.srcs/sources_1/new/led_controller.vhd"/>
        <Attr Name="ImportTime" Val="1716384757"/>
        <Attr Name="UsedIn" Val="synthesis"/>
        <Attr Name="UsedIn" Val="simulation"/>
      </FileInfo>
    </File>
    <File Path="$PSRCDIR/sources_1/new/digilent_jstk2.vhd">
      <FileInfo>
        <Attr Name="ImportPath" Val="$PPRDIR/../../../../B7_LAB3.srcs/sources_1/new/digilent_jstk2.vhd"/>
        <Attr Name="ImportTime" Val="1715718030"/>
        <Attr Name="UsedIn" Val="synthesis"/>
        <Attr Name="UsedIn" Val="simulation"/>
      </FileInfo>
    </File>
    <File Path="$PSRCDIR/sources_1/new/edge_detector_toggle.vhd">
      <FileInfo>
        <Attr Name="ImportPath" Val="$PPRDIR/../../../../B7_LAB3.srcs/sources_1/new/edge_detector_toggle.vhd"/>
        <Attr Name="ImportTime" Val="1715718057"/>
        <Attr Name="UsedIn" Val="synthesis"/>
        <Attr Name="UsedIn" Val="simulation"/>
      </FileInfo>
    </File>
    <File Path="$PSRCDIR/sources_1/new/debouncer.vhd">
      <FileInfo>
        <Attr Name="ImportPath" Val="$PPRDIR/../../../../B7_LAB3.srcs/sources_1/new/debouncer.vhd"/>
        <Attr Name="ImportTime" Val="1715718078"/>
        <Attr Name="UsedIn" Val="synthesis"/>
        <Attr Name="UsedIn" Val="simulation"/>
      </FileInfo>
    </File>
    <File Path="$PSRCDIR/sources_1/new/moving_average_filter_en.vhd">
      <FileInfo>
        <Attr Name="ImportPath" Val="$PPRDIR/../../../../B7_LAB3.srcs/sources_1/new/moving_average_filter_en.vhd"/>
        <Attr Name="ImportTime" Val="1716381555"/>
        <Attr Name="UsedIn" Val="synthesis"/>
        <Attr Name="UsedIn" Val="simulation"/>
      </FileInfo>
    </File>
    <File Path="$PSRCDIR/sources_1/new/effect_selector.vhd">
      <FileInfo>
        <Attr Name="ImportPath" Val="$PPRDIR/../../../../B7_LAB3.srcs/sources_1/new/effect_selector.vhd"/>
        <Attr Name="ImportTime" Val="1716380056"/>
        <Attr Name="UsedIn" Val="synthesis"/>
        <Attr Name="UsedIn" Val="simulation"/>
      </FileInfo>
    </File>
    <File Path="$PSRCDIR/sources_1/new/led_level_controller.vhd">
      <FileInfo>
        <Attr Name="ImportPath" Val="$PPRDIR/../../../../B7_LAB3.srcs/sources_1/new/led_level_controller.vhd"/>
        <Attr Name="ImportTime" Val="1716386775"/>
        <Attr Name="UsedIn" Val="synthesis"/>
        <Attr Name="UsedIn" Val="simulation"/>
      </FileInfo>
    </File>
    <File Path="$PSRCDIR/sources_1/new/balance_controller.vhd">
      <FileInfo>
        <Attr Name="ImportPath" Val="$PPRDIR/../../../../B7_LAB3.srcs/sources_1/new/balance_controller.vhd"/>
        <Attr Name="ImportTime" Val="1716384798"/>
        <Attr Name="UsedIn" Val="synthesis"/>
        <Attr Name="UsedIn" Val="simulation"/>
      </FileInfo>
    </File>
    <File Path="$PSRCDIR/sources_1/new/volume_controller.vhd">
      <FileInfo>
        <Attr Name="ImportPath" Val="$PPRDIR/../../../../B7_LAB3.srcs/sources_1/new/volume_controller.vhd"/>
        <Attr Name="ImportTime" Val="1716379847"/>
        <Attr Name="UsedIn" Val="synthesis"/>
        <Attr Name="UsedIn" Val="simulation"/>
      </FileInfo>
    </File>
    <File Path="$PSRCDIR/sources_1/new/LFO.vhd">
      <FileInfo>
        <Attr Name="ImportPath" Val="$PPRDIR/../../../../B7_LAB3.srcs/sources_1/new/LFO.vhd"/>
        <Attr Name="ImportTime" Val="1716387203"/>
        <Attr Name="UsedIn" Val="synthesis"/>
        <Attr Name="UsedIn" Val="simulation"/>
      </FileInfo>
    </File>
    <File Path="$PSRCDIR/sources_1/bd/audio/audio.bd">
      <FileInfo>
        <Attr Name="ImportPath" Val="$PPRDIR/../../../../B7_LAB3.srcs/sources_1/bd/audio/audio.bd"/>
        <Attr Name="ImportTime" Val="1716802634"/>
        <Attr Name="UsedIn" Val="synthesis"/>
        <Attr Name="UsedIn" Val="implementation"/>
        <Attr Name="UsedIn" Val="simulation"/>
      </FileInfo>
    </File>
    <File Path="$PSRCDIR/sources_1/imports/audio_wrapper.vhd">
      <FileInfo>
        <Attr Name="ImportPath" Val="$PPRDIR/../../../../B7_LAB3.gen/sources_1/bd/audio/hdl/audio_wrapper.vhd"/>
        <Attr Name="ImportTime" Val="1716387255"/>
        <Attr Name="UsedIn" Val="synthesis"/>
        <Attr Name="UsedIn" Val="simulation"/>
      </FileInfo>
    </File>
    <Config>
      <Option Name="DesignMode" Val="RTL"/>
      <Option Name="TopModule" Val="audio_wrapper"/>
    </Config>
  </FileSet>
  <FileSet Name="constrs_in" Type="Constrs" RelSrcDir="$PSRCDIR/constrs_1">
    <Filter Type="Constrs"/>
    <File Path="$PSRCDIR/constrs_1/new/io.xdc">
      <FileInfo>
        <Attr Name="ImportPath" Val="$PPRDIR/../../../../B7_LAB3.srcs/constrs_1/new/io.xdc"/>
        <Attr Name="ImportTime" Val="1715544055"/>
        <Attr Name="UsedIn" Val="synthesis"/>
        <Attr Name="UsedIn" Val="implementation"/>
      </FileInfo>
    </File>
    <Config>
      <Option Name="ConstrsType" Val="XDC"/>
    </Config>
  </FileSet>
  <FileSet Name="utils" Type="Utils" RelSrcDir="$PSRCDIR/utils_1">
    <Filter Type="Utils"/>
    <Config>
      <Option Name="TopAutoSet" Val="TRUE"/>
    </Config>
  </FileSet>
  <Strategy Version="1" Minor="2">
    <StratHandle Name="Vivado Synthesis Defaults" Flow="Vivado Synthesis 2020"/>
    <Step Id="synth_design"/>
  </Strategy>
  <BlockFileSet Type="BlockSrcs" Name="audio_proc_sys_reset_1_1"/>
  <BlockFileSet Type="BlockSrcs" Name="audio_proc_sys_reset_0_1"/>
  <BlockFileSet Type="BlockSrcs" Name="audio_axis_dual_i2s_0_0"/>
  <BlockFileSet Type="BlockSrcs" Name="audio_effect_selector_0_0"/>
  <BlockFileSet Type="BlockSrcs" Name="audio_clk_wiz_0_2"/>
  <BlockFileSet Type="BlockSrcs" Name="audio_led_level_controller_0_0"/>
  <BlockFileSet Type="BlockSrcs" Name="audio_edge_detector_toggle_0_0"/>
  <BlockFileSet Type="BlockSrcs" Name="audio_axis_broadcaster_0_0"/>
  <BlockFileSet Type="BlockSrcs" Name="audio_mute_controller_0_0"/>
  <BlockFileSet Type="BlockSrcs" Name="audio_axi4stream_spi_master_0_0"/>
  <BlockFileSet Type="BlockSrcs" Name="audio_debouncer_0_0"/>
  <BlockFileSet Type="BlockSrcs" Name="audio_digilent_jstk2_0_0"/>
  <BlockFileSet Type="BlockSrcs" Name="audio_edge_detector_toggle_1_0"/>
  <BlockFileSet Type="BlockSrcs" Name="audio_led_controller_0_0"/>
  <BlockFileSet Type="BlockSrcs" Name="audio_balance_controller_0_0"/>
  <BlockFileSet Type="BlockSrcs" Name="audio_moving_average_filte_0_0"/>
  <BlockFileSet Type="BlockSrcs" Name="audio_volume_controller_0_0"/>
  <BlockFileSet Type="BlockSrcs" Name="audio_LFO_0_0"/>
</GenRun>
