<?xml version="1.0" encoding="UTF-8"?>
<GenRun Id="impl_1" LaunchPart="xc7a35tcpg236-1" LaunchTime="1716387267">
  <File Type="ROUTE-PWR" Name="audio_wrapper_power_routed.rpt"/>
  <File Type="PA-TCL" Name="audio_wrapper.tcl"/>
  <File Type="ROUTE-PWR-SUM" Name="audio_wrapper_power_summary_routed.pb"/>
  <File Type="REPORTS-TCL" Name="audio_wrapper_reports.tcl"/>
  <File Type="BITSTR-MSK" Name="audio_wrapper.msk"/>
  <File Type="ROUTE-CLK" Name="audio_wrapper_clock_utilization_routed.rpt"/>
  <File Type="RDI-RDI" Name="audio_wrapper.vdi"/>
  <File Type="BG-BIT" Name="audio_wrapper.bit"/>
  <File Type="BG-DRC" Name="audio_wrapper.drc"/>
  <File Type="BG-BGN" Name="audio_wrapper.bgn"/>
  <File Type="BG-BIN" Name="audio_wrapper.bin"/>
  <File Type="BITSTR-RBT" Name="audio_wrapper.rbt"/>
  <File Type="BITSTR-NKY" Name="audio_wrapper.nky"/>
  <File Type="BITSTR-BMM" Name="audio_wrapper_bd.bmm"/>
  <File Type="ROUTE-METHODOLOGY-DRC" Name="audio_wrapper_methodology_drc_routed.rpt"/>
  <File Type="BITSTR-MMI" Name="audio_wrapper.mmi"/>
  <File Type="BITSTR-SYSDEF" Name="audio_wrapper.sysdef"/>
  <File Type="BITSTR-LTX" Name="debug_nets.ltx"/>
  <File Type="BITSTR-LTX" Name="audio_wrapper.ltx"/>
  <File Type="WBT-USG" Name="usage_statistics_webtalk.html"/>
  <File Type="OPT-DRC" Name="audio_wrapper_drc_opted.rpt"/>
  <File Type="OPT-HWDEF" Name="audio_wrapper.hwdef"/>
  <File Type="PLACE-IO" Name="audio_wrapper_io_placed.rpt"/>
  <File Type="PLACE-UTIL" Name="audio_wrapper_utilization_placed.rpt"/>
  <File Type="PLACE-UTIL-PB" Name="audio_wrapper_utilization_placed.pb"/>
  <File Type="PLACE-CTRL" Name="audio_wrapper_control_sets_placed.rpt"/>
  <File Type="PLACE-PRE-SIMILARITY" Name="audio_wrapper_incremental_reuse_pre_placed.rpt"/>
  <File Type="ROUTE-DRC" Name="audio_wrapper_drc_routed.rpt"/>
  <File Type="ROUTE-DRC-PB" Name="audio_wrapper_drc_routed.pb"/>
  <File Type="ROUTE-PWR-RPX" Name="audio_wrapper_power_routed.rpx"/>
  <File Type="ROUTE-STATUS" Name="audio_wrapper_route_status.rpt"/>
  <File Type="ROUTE-STATUS-PB" Name="audio_wrapper_route_status.pb"/>
  <File Type="ROUTE-DCP" Name="audio_wrapper_routed.dcp"/>
  <File Type="ROUTE-ERROR-DCP" Name="audio_wrapper_routed_error.dcp"/>
  <File Type="ROUTE-BLACKBOX-DCP" Name="audio_wrapper_routed_bb.dcp"/>
  <File Type="ROUTE-TIMINGSUMMARY" Name="audio_wrapper_timing_summary_routed.rpt"/>
  <File Type="ROUTE-TIMING-PB" Name="audio_wrapper_timing_summary_routed.pb"/>
  <File Type="ROUTE-TIMING-RPX" Name="audio_wrapper_timing_summary_routed.rpx"/>
  <File Type="ROUTE-BUS-SKEW" Name="audio_wrapper_bus_skew_routed.rpt"/>
  <File Type="ROUTE-BUS-SKEW-PB" Name="audio_wrapper_bus_skew_routed.pb"/>
  <File Type="ROUTE-BUS-SKEW-RPX" Name="audio_wrapper_bus_skew_routed.rpx"/>
  <File Type="OPT-DCP" Name="audio_wrapper_opt.dcp"/>
  <File Type="PLACE-DCP" Name="audio_wrapper_placed.dcp"/>
  <File Type="PWROPT-DCP" Name="audio_wrapper_pwropt.dcp"/>
  <File Type="POSTPLACE-PWROPT-DCP" Name="audio_wrapper_postplace_pwropt.dcp"/>
  <File Type="PHYSOPT-DCP" Name="audio_wrapper_physopt.dcp"/>
  <File Type="POSTROUTE-PHYSOPT-DCP" Name="audio_wrapper_postroute_physopt.dcp"/>
  <File Type="POSTROUTE-PHYSOPT-BLACKBOX-DCP" Name="audio_wrapper_postroute_physopt_bb.dcp"/>
  <File Type="ROUTE-METHODOLOGY-DRC-PB" Name="audio_wrapper_methodology_drc_routed.pb"/>
  <File Type="ROUTE-DRC-RPX" Name="audio_wrapper_drc_routed.rpx"/>
  <File Type="ROUTE-METHODOLOGY-DRC-RPX" Name="audio_wrapper_methodology_drc_routed.rpx"/>
  <File Type="PDI-FILE" Name="audio_wrapper.pdi"/>
  <File Type="RCFI_FILE" Name="audio_wrapper.rcfi"/>
  <File Type="CFI_FILE" Name="audio_wrapper.cfi"/>
  <File Type="RNPI_FILE" Name="audio_wrapper.rnpi"/>
  <File Type="NPI_FILE" Name="audio_wrapper.npi"/>
  <File Type="RBD_FILE" Name="audio_wrapper.rbd"/>
  <FileSet Name="sources" Type="DesignSrcs" RelSrcDir="$PSRCDIR/sources_1" RelGenDir="$PGENDIR/sources_1">
    <Filter Type="Srcs"/>
    <File Path="$PSRCDIR/sources_1/new/mute_controller.vhd">
      <FileInfo>
        <Attr Name="ImportPath" Val="$PPRDIR/../../../../B7_LAB3.srcs/sources_1/new/mute_controller.vhd"/>
        <Attr Name="ImportTime" Val="1716380394"/>
        <Attr Name="UsedIn" Val="synthesis"/>
        <Attr Name="UsedIn" Val="simulation"/>
      </FileInfo>
    </File>
    <File Path="$PSRCDIR/sources_1/new/led_controller.vhd">
      <FileInfo>
        <Attr Name="ImportPath" Val="$PPRDIR/../../../../B7_LAB3.srcs/sources_1/new/led_controller.vhd"/>
        <Attr Name="ImportTime" Val="1716384757"/>
        <Attr Name="UsedIn" Val="synthesis"/>
        <Attr Name="UsedIn" Val="simulation"/>
      </FileInfo>
    </File>
    <File Path="$PSRCDIR/sources_1/new/digilent_jstk2.vhd">
      <FileInfo>
        <Attr Name="ImportPath" Val="$PPRDIR/../../../../B7_LAB3.srcs/sources_1/new/digilent_jstk2.vhd"/>
        <Attr Name="ImportTime" Val="1715718030"/>
        <Attr Name="UsedIn" Val="synthesis"/>
        <Attr Name="UsedIn" Val="simulation"/>
      </FileInfo>
    </File>
    <File Path="$PSRCDIR/sources_1/new/edge_detector_toggle.vhd">
      <FileInfo>
        <Attr Name="ImportPath" Val="$PPRDIR/../../../../B7_LAB3.srcs/sources_1/new/edge_detector_toggle.vhd"/>
        <Attr Name="ImportTime" Val="1715718057"/>
        <Attr Name="UsedIn" Val="synthesis"/>
        <Attr Name="UsedIn" Val="simulation"/>
      </FileInfo>
    </File>
    <File Path="$PSRCDIR/sources_1/new/debouncer.vhd">
      <FileInfo>
        <Attr Name="ImportPath" Val="$PPRDIR/../../../../B7_LAB3.srcs/sources_1/new/debouncer.vhd"/>
        <Attr Name="ImportTime" Val="1715718078"/>
        <Attr Name="UsedIn" Val="synthesis"/>
        <Attr Name="UsedIn" Val="simulation"/>
      </FileInfo>
    </File>
    <File Path="$PSRCDIR/sources_1/new/moving_average_filter_en.vhd">
      <FileInfo>
        <Attr Name="ImportPath" Val="$PPRDIR/../../../../B7_LAB3.srcs/sources_1/new/moving_average_filter_en.vhd"/>
        <Attr Name="ImportTime" Val="1716381555"/>
        <Attr Name="UsedIn" Val="synthesis"/>
        <Attr Name="UsedIn" Val="simulation"/>
      </FileInfo>
    </File>
    <File Path="$PSRCDIR/sources_1/new/effect_selector.vhd">
      <FileInfo>
        <Attr Name="ImportPath" Val="$PPRDIR/../../../../B7_LAB3.srcs/sources_1/new/effect_selector.vhd"/>
        <Attr Name="ImportTime" Val="1716380056"/>
        <Attr Name="UsedIn" Val="synthesis"/>
        <Attr Name="UsedIn" Val="simulation"/>
      </FileInfo>
    </File>
    <File Path="$PSRCDIR/sources_1/new/led_level_controller.vhd">
      <FileInfo>
        <Attr Name="ImportPath" Val="$PPRDIR/../../../../B7_LAB3.srcs/sources_1/new/led_level_controller.vhd"/>
        <Attr Name="ImportTime" Val="1716386775"/>
        <Attr Name="UsedIn" Val="synthesis"/>
        <Attr Name="UsedIn" Val="simulation"/>
      </FileInfo>
    </File>
    <File Path="$PSRCDIR/sources_1/new/balance_controller.vhd">
      <FileInfo>
        <Attr Name="ImportPath" Val="$PPRDIR/../../../../B7_LAB3.srcs/sources_1/new/balance_controller.vhd"/>
        <Attr Name="ImportTime" Val="1716384798"/>
        <Attr Name="UsedIn" Val="synthesis"/>
        <Attr Name="UsedIn" Val="simulation"/>
      </FileInfo>
    </File>
    <File Path="$PSRCDIR/sources_1/new/volume_controller.vhd">
      <FileInfo>
        <Attr Name="ImportPath" Val="$PPRDIR/../../../../B7_LAB3.srcs/sources_1/new/volume_controller.vhd"/>
        <Attr Name="ImportTime" Val="1716379847"/>
        <Attr Name="UsedIn" Val="synthesis"/>
        <Attr Name="UsedIn" Val="simulation"/>
      </FileInfo>
    </File>
    <File Path="$PSRCDIR/sources_1/new/LFO.vhd">
      <FileInfo>
        <Attr Name="ImportPath" Val="$PPRDIR/../../../../B7_LAB3.srcs/sources_1/new/LFO.vhd"/>
        <Attr Name="ImportTime" Val="1716387203"/>
        <Attr Name="UsedIn" Val="synthesis"/>
        <Attr Name="UsedIn" Val="simulation"/>
      </FileInfo>
    </File>
    <File Path="$PSRCDIR/sources_1/bd/audio/audio.bd">
      <FileInfo>
        <Attr Name="ImportPath" Val="$PPRDIR/../../../../B7_LAB3.srcs/sources_1/bd/audio/audio.bd"/>
        <Attr Name="ImportTime" Val="1716802634"/>
        <Attr Name="UsedIn" Val="synthesis"/>
        <Attr Name="UsedIn" Val="implementation"/>
        <Attr Name="UsedIn" Val="simulation"/>
      </FileInfo>
    </File>
    <File Path="$PSRCDIR/sources_1/imports/audio_wrapper.vhd">
      <FileInfo>
        <Attr Name="ImportPath" Val="$PPRDIR/../../../../B7_LAB3.gen/sources_1/bd/audio/hdl/audio_wrapper.vhd"/>
        <Attr Name="ImportTime" Val="1716387255"/>
        <Attr Name="UsedIn" Val="synthesis"/>
        <Attr Name="UsedIn" Val="simulation"/>
      </FileInfo>
    </File>
    <Config>
      <Option Name="DesignMode" Val="RTL"/>
      <Option Name="TopModule" Val="audio_wrapper"/>
    </Config>
  </FileSet>
  <FileSet Name="constrs_in" Type="Constrs" RelSrcDir="$PSRCDIR/constrs_1">
    <Filter Type="Constrs"/>
    <File Path="$PSRCDIR/constrs_1/new/io.xdc">
      <FileInfo>
        <Attr Name="ImportPath" Val="$PPRDIR/../../../../B7_LAB3.srcs/constrs_1/new/io.xdc"/>
        <Attr Name="ImportTime" Val="1715544055"/>
        <Attr Name="UsedIn" Val="synthesis"/>
        <Attr Name="UsedIn" Val="implementation"/>
      </FileInfo>
    </File>
    <Config>
      <Option Name="ConstrsType" Val="XDC"/>
    </Config>
  </FileSet>
  <FileSet Name="utils" Type="Utils" RelSrcDir="$PSRCDIR/utils_1">
    <Filter Type="Utils"/>
    <Config>
      <Option Name="TopAutoSet" Val="TRUE"/>
    </Config>
  </FileSet>
  <Strategy Version="1" Minor="2">
    <StratHandle Name="Vivado Implementation Defaults" Flow="Vivado Implementation 2020"/>
    <Step Id="init_design"/>
    <Step Id="opt_design"/>
    <Step Id="power_opt_design"/>
    <Step Id="place_design"/>
    <Step Id="post_place_power_opt_design"/>
    <Step Id="phys_opt_design"/>
    <Step Id="route_design"/>
    <Step Id="post_route_phys_opt_design"/>
    <Step Id="write_bitstream"/>
    <Step Id="write_device_image"/>
  </Strategy>
  <BlockFileSet Type="BlockSrcs" Name="audio_proc_sys_reset_1_1"/>
  <BlockFileSet Type="BlockSrcs" Name="audio_proc_sys_reset_0_1"/>
  <BlockFileSet Type="BlockSrcs" Name="audio_axis_dual_i2s_0_0"/>
  <BlockFileSet Type="BlockSrcs" Name="audio_effect_selector_0_0"/>
  <BlockFileSet Type="BlockSrcs" Name="audio_clk_wiz_0_2"/>
  <BlockFileSet Type="BlockSrcs" Name="audio_led_level_controller_0_0"/>
  <BlockFileSet Type="BlockSrcs" Name="audio_edge_detector_toggle_0_0"/>
  <BlockFileSet Type="BlockSrcs" Name="audio_axis_broadcaster_0_0"/>
  <BlockFileSet Type="BlockSrcs" Name="audio_mute_controller_0_0"/>
  <BlockFileSet Type="BlockSrcs" Name="audio_axi4stream_spi_master_0_0"/>
  <BlockFileSet Type="BlockSrcs" Name="audio_debouncer_0_0"/>
  <BlockFileSet Type="BlockSrcs" Name="audio_digilent_jstk2_0_0"/>
  <BlockFileSet Type="BlockSrcs" Name="audio_edge_detector_toggle_1_0"/>
  <BlockFileSet Type="BlockSrcs" Name="audio_led_controller_0_0"/>
  <BlockFileSet Type="BlockSrcs" Name="audio_balance_controller_0_0"/>
  <BlockFileSet Type="BlockSrcs" Name="audio_moving_average_filte_0_0"/>
  <BlockFileSet Type="BlockSrcs" Name="audio_volume_controller_0_0"/>
  <BlockFileSet Type="BlockSrcs" Name="audio_LFO_0_0"/>
</GenRun>
